Generated Sequence,True Sequence,ProtBert,ProtBert_BFD,ProtElectra,CPPClassifier
WAYLVNKIVPKAWWAFHKSIL,AAYLLAKINLKALAALAKKIL,1,1,1,1
NGTLMGIMSLKPTDALASLIG,AGYLLGKINLKPLAALAKKIL,1,0,1,1
GIYLLTKKNLFALHADMGAGL,AGYLLGKINLRALAALARRIL,1,0,1,1
MWNCEGVINKKCLCTCAKDIM,AGYLLGPINLKALAALAKKIL,0,0,0,0
IFIFRDQQRKIEPCAAR,AWSFRVSYRGISYRRSR,1,1,1,1
CVISWMRGRSYGQKKRRTERNPPQEMQT,CFITKALGISYGRKKRRQRRRPPQGSQTH,1,1,1,1
GPHAGRHHFYKYKSHEKDHPYRGD,DSHAKRHHGYKRKFHEKHHSHRGY,1,0,0,0
VEWPGVEGLVRILQPLLAECPRGGDQM,DTWPGVEALIRILQQLLFIHFRIGCQH,0,0,1,0
LDVSGCCGMKEVYPMRSDICARRNRNIEKFR,GDCLPHLKLCKENKDCCSKKCKRRGTNIEKRCR,0,0,0,0
GIHSDPRVNVPAM,GIASNGQLPTPKT,1,0,0,0
DIECMHVVLIPFF,GILLRNQVLPPQI,0,0,1,0
FETWWLGSSPPSS,GLFNWLQLRPPSW,1,1,1,1
GRPVCETVKGYMQTPCCTCDWPQINRM,GLPVCGETCVGGTCNTPGCTCSWPVCTRN,0,0,0,0
GYNFVYPGIPFS,GSNFFYQHRLPFS,0,0,0,0
GGGRANSYMIEKDETLTV,GTSRANSYDNLKSETLTQ,0,0,0,0
GYFPTPPSYWRMCLH,GYRRTTPSYWRMWLR,1,1,1,1
KAFANLCAMLYRELLGVQLGYAA,KAFAKLAARLYRKALARQLGVAA,0,0,1,0
KGQWTKMQHFTMWVHFFPFQ,KGSWYSMRKMSMIRPFFPQQ,1,1,1,1
KTMFGNKRMKPFW,KIWFQNKKMKWKK,1,1,1,1
KCRLKRLQVHRKTHFPTHLALGNEPA,KKALLALALHHLAHLALHLALALKKA,1,1,1,1
PHTHIKAIICACQK,KKTCRRINYCALNK,1,0,1,1
KHLKLLLKKLLKLLK,KLLKLLLKLLLKLLK,1,1,1,1
FLEMTQWSNRTTEY,KLWMRWWSPTTRRYG,0,1,1,1
KLCMPPYQKTLAYD,KLWMRWYSPTTRAYG,0,1,1,1
AISARMYLSQGFK,KPSARMLLLKGFGK,0,0,1,0
KQIKIWEQNRHMKPKD,KQIKIWFQNKKMKWKK,1,1,1,1
KQPNNKDKNQRFKHEQ,KQINNWFINQRKRHWK,0,1,1,1
KRPTARFRTTWKPMH,KRPTMRFRYTWNPMK,1,1,1,1
KTNYYSMCKHTMGIMPFGYV,KTRYYSMKKTTMKIIPFNRL,0,0,1,0
MFKIQLQINKWKWRG,KWFKIQLQIKKWKNKK,1,1,1,1
LIHKSHRYPHTRLFN,LITKQYRYPSRRRFN,1,1,1,1
LSTAAFMQGVVNDENAI,LSTAADMQGVVTDGMASG,0,0,0,0
LSKARVMQGVGTKKSASGLDKDYICPDY,LSTAADMQGVVTDGMASGLDKDYLKPDD,0,0,0,0
SAPGWPRQAYRYADKLEPAELQLRFNAA,MAMPGEPRRANVMAHKLEPASLQLRNSCA,1,0,0,0
MYPQRLTVGGCLLPPSIGPATHQLRNICA,MAPQRDTVGGRTTPPSWGPAKAQLRNSCA,0,0,0,0
WNVPNRPPQTLHISDPLN,MSDPNMNPGTLGSSHILW,1,0,1,1
NEFAFEDCRVLS,NSAAFEDLRVLS,0,0,0,0
PCDVCMPDTK,PIEVCMYREP,0,0,0,0
TLEESRALRRWF,PLILLRLLRGQF,1,1,1,1
SDFYSRVLRGL,PLIYLRLLRGQF,0,0,1,0
IRLCQHDPGPRL,PRLPRLPRLPRL,1,1,1,1
GKSRRVKLWYPNTQSELSVDWWLGL,PYSRPHVQLWYPNRESCRSLIRSLGP,1,1,1,1
LDGPYWIVAYCVKNHHY,QDGGTWHLVAYCAKSHRY,0,0,1,0
YCMAASNWRFRQRTQRDH,RCGRASRCRVRWMRRRRI,1,1,1,1
CGNDYSKRLDQMTINPLVTT,RGADYSLRAVRMKIRPLVTQ,0,0,1,0
RGRRRRRRRLRLRRGRLA,RGDRGDRRDLRLDRGDLRC,1,1,1,1
IQDEMDRFLRPFRMLRC,RGDRLDRRDLRLDRRDLRC,0,1,1,1
IGRFGERAELRGLRGCLRE,RGERGERRELRLERGELRC,0,1,1,1
RGVRLEDDALRLHYSEYLC,RGERLERRELRLERRELRC,0,0,1,0
KGWECLKSEDNLSSK,RGWEVLKYWWNLLQY,0,0,0,0
RFWFQRQRQRRRR,RIWFQNRRMRWRR,1,1,1,1
RHKTKAEWARAVKISY,RKKTFKEVANAVKISA,1,1,1,1
RKLENIWWLKYKNCKTLDLG,RKLTTIFPLNWKYRKALSLG,1,0,1,1
KLIMRATAPITRRYC,RLIMRIYAPTTRRYG,1,1,1,1
LLSRLRLRLRRRACPCR,RLLRLLLRLWRRLLRLLR,1,1,1,1
LSARLQRRLLRLLWRLLRR,RLLRLLRRLLRLLRRLLRC,1,1,1,1
RLCWYMWWVFTRAYR,RLWMRWWSATTRAYG,1,1,1,1
GLWMHRPAEATRRG,RLWMRWYAPAARRYG,1,1,1,1
WLFMRLNSTTPEYG,RLWMRWYSGTTRRYG,1,0,1,1
NLWNRETTPRKRAYM,RLWMRWYSPRTRAYG,1,1,1,1
RLMMRFYVPETECRS,RLWMRWYSPTTRARG,1,1,1,1
RQIDILNIIILKKK,RQIKIWFQNRRLKWKK,1,1,1,1
RATRFLLRRLRRLRGKRW,RRLRRLLRRLRRLLRRLR,1,1,1,1
RRRRLFRSRRWRRIR,RRRRNRTRRNRRRVR,1,1,1,1
RKRRRRRRRRR,RRRRRRRRRFF,1,1,1,1
RHRCWWWWARRR,RRRRWWWWRRRR,1,1,1,1
KNFSEQSIIRWVACK,RWFKIQLQIRRWKNKK,0,1,1,1
NILGQQAGIRNKFGV,RWFKIQMQIRRWKNKK,0,0,0,0
RWFKPQNQIVRVADC,RWFRIQLQIRRWRNRR,1,0,1,1
AWRLWIRPRRY,RWRRWRRWRRWR,1,1,1,1
MDLQTGMAMSGHCTH,SDLWEMMMVSLACQY,0,0,0,0
YGEFTNGWFPKGVRWIWD,SGEHTNGPSKTSVRWVWD,0,0,0,0
NRWLALCRLLCGRWRRGPK,SLFRALWRLLESLWRLLWK,1,1,1,1
STWRLDWSWGRCLWRDLNNA,SLWRALWRLLRALWRLLWKA,1,1,1,1
SWWVACWRLLDNKKALLWIW,SLWRALWRLLRNLWRLLWKA,1,1,1,1
KLWSPWWRFLQCLWRLCRKA,SLWRALWRLLRSLWRLWRKA,1,1,1,1
QDYRAFTRLWYVTWRTMRIA,SLWRALWRLWRSLWRLLWKA,1,1,1,1
SFSRADYRRWRSLWNNPIA,SLWRALWRLWRSLWRLWRKA,1,1,1,1
SHPTMTLQHKMDIPYNDR,SMTTMEFGHSMITPYKID,0,0,1,0
RTGNESPSVGTWSFQNS,SPGNQSTGVIGTPSFSNH,0,0,0,0
SECWPNSQLSPNINKAI,SPTRPTHQGLLPVSNKYT,0,1,1,1
SSLANYFFVQSYDFLSAF,SSGANYFFNAIYDFLSNF,0,0,1,0
RCAPCRLQEDVGDSQFD,STAPGSLQEDILDSVPA,0,1,0,0
STHLPAFVNYIRMTVVKM,STHLQYHVNYTSRTVVSM,0,1,1,1
TILWHLWTGWHHARMWVQRSPE,TPWWRLWTKWHHKRRDLPRKPE,1,1,1,1
HARNERNRDHVSTGLK,TRRNKRNRIQEQLNRK,0,1,1,1
NFKYPHEPRKTEPRPWYNRN,VDKGSYLPRPTPPRPIYNRN,0,1,0,0
VLWLGLPFSISSRRRRSRRH,VLTTGLPALISWIRRRHRRHC,1,1,1,1
VMTLDPYLE,VPMLKPMLKE,0,0,1,0
MSRRWRRRGGRRRR,VSRRRRRRGGRRRR,1,1,1,1
GKHRRQWFNVLHQWN,WKARRQAFRVLHHWN,1,1,1,1
WKAVRFCFLLLIRAN,WKARRQCFRVLHHWN,1,1,1,1
WQCKEQAYRVLHWR,WKCRRQAFRVLHHWN,1,1,1,1
AWWVRQPFRQLHYN,WKWRRQWFRVLHHWN,1,1,1,1
WRRRRRRRRR,WWRRRRRRRR,1,1,1,1
RKARQRRPRRH,WWWRRRRRRRR,1,1,1,1
RRRRARRRAGRR,WWWWRRRRRRRR,1,1,1,1
DPQTEKDGRKKGWG,YKQSHKKGGKKGSG,1,1,1,1
ISSAYETLNINMQAYYHL,YSSAYEWFNRYKQPYYEL,0,0,1,0
